,datetime,Open,High,Low,Close,Adj Close,Volume
0,2022-09-06 09:30:00-04:00,80.41000366210938,80.73999786376953,79.5199966430664,80.62079620361328,80.62079620361328,5925799
1,2022-09-06 09:45:00-04:00,80.625,80.88999938964844,79.4800033569336,79.64990234375,79.64990234375,4346698
2,2022-09-06 10:00:00-04:00,79.63500213623047,79.63999938964844,78.51000213623047,78.81089782714844,78.81089782714844,4034416
3,2022-09-06 10:15:00-04:00,78.81990051269531,79.02999877929688,78.37239837646484,78.75499725341797,78.75499725341797,3183876
4,2022-09-06 10:30:00-04:00,78.75,79.54000091552734,78.5199966430664,79.30999755859375,79.30999755859375,3300195
5,2022-09-06 10:45:00-04:00,79.31120300292969,80.0,79.0999984741211,79.77989959716797,79.77989959716797,2883116
6,2022-09-06 11:00:00-04:00,79.77999877929688,80.08000183105469,79.44000244140625,79.5999984741211,79.5999984741211,2498593
7,2022-09-06 11:15:00-04:00,79.61000061035156,79.875,79.30000305175781,79.47000122070312,79.47000122070312,2642917
8,2022-09-06 11:30:00-04:00,79.44999694824219,80.45999908447266,79.36000061035156,80.10990142822266,80.10990142822266,2785063
9,2022-09-06 11:45:00-04:00,80.11000061035156,80.48999786376953,79.9198989868164,80.29000091552734,80.29000091552734,2103497
10,2022-09-06 12:00:00-04:00,80.28500366210938,80.33499908447266,79.7300033569336,79.83999633789062,79.83999633789062,1906730
11,2022-09-06 12:15:00-04:00,79.81999969482422,79.8499984741211,79.29000091552734,79.47889709472656,79.47889709472656,1787220
12,2022-09-06 12:30:00-04:00,79.46009826660156,79.70999908447266,79.30999755859375,79.66999816894531,79.66999816894531,1269175
13,2022-09-06 12:45:00-04:00,79.63999938964844,79.65499877929688,79.25,79.31759643554688,79.31759643554688,1233128
14,2022-09-06 13:00:00-04:00,79.30999755859375,79.30999755859375,78.69819641113281,78.72000122070312,78.72000122070312,1750994
15,2022-09-06 13:15:00-04:00,78.72000122070312,78.91000366210938,78.62999725341797,78.6864013671875,78.6864013671875,1420279
16,2022-09-06 13:30:00-04:00,78.69000244140625,78.95999908447266,78.63999938964844,78.80000305175781,78.80000305175781,1438985
17,2022-09-06 13:45:00-04:00,78.80000305175781,78.88500213623047,78.47000122070312,78.7300033569336,78.7300033569336,2580031
18,2022-09-06 14:00:00-04:00,78.70999908447266,79.22129821777344,78.65399932861328,79.06999969482422,79.06999969482422,2203265
19,2022-09-06 14:15:00-04:00,79.05899810791016,79.16000366210938,78.80000305175781,78.9000015258789,78.9000015258789,2550328
20,2022-09-06 14:30:00-04:00,78.90499877929688,78.95999908447266,78.55999755859375,78.61000061035156,78.61000061035156,1786760
21,2022-09-06 14:45:00-04:00,78.5999984741211,78.86990356445312,78.5,78.59500122070312,78.59500122070312,1508468
22,2022-09-06 15:00:00-04:00,78.59989929199219,78.92500305175781,78.44999694824219,78.80000305175781,78.80000305175781,2358425
23,2022-09-06 15:15:00-04:00,78.79000091552734,79.04499816894531,78.58000183105469,78.80999755859375,78.80999755859375,2510998
24,2022-09-06 15:30:00-04:00,78.80999755859375,78.87000274658203,78.54000091552734,78.86499786376953,78.86499786376953,2030923
25,2022-09-06 15:45:00-04:00,78.86000061035156,79.0,78.53070068359375,78.72000122070312,78.72000122070312,4103435
26,2022-09-07 09:30:00-04:00,78.70999908447266,79.72000122070312,78.62000274658203,78.91500091552734,78.91500091552734,5707480
27,2022-09-07 09:45:00-04:00,78.91919708251953,79.54000091552734,78.51000213623047,78.5999984741211,78.5999984741211,3694630
28,2022-09-07 10:00:00-04:00,78.61000061035156,78.91000366210938,78.01000213623047,78.0199966430664,78.0199966430664,3421269
29,2022-09-07 10:15:00-04:00,78.0199966430664,78.41000366210938,77.83000183105469,78.3550033569336,78.3550033569336,3922649
30,2022-09-07 10:30:00-04:00,78.3499984741211,78.68000030517578,78.04000091552734,78.21499633789062,78.21499633789062,3842922
31,2022-09-07 10:45:00-04:00,78.19999694824219,78.36000061035156,77.86000061035156,78.01000213623047,78.01000213623047,3113145
32,2022-09-07 11:00:00-04:00,78.0199966430664,78.80000305175781,77.73999786376953,78.65499877929688,78.65499877929688,3312220
33,2022-09-07 11:15:00-04:00,78.6510009765625,78.72509765625,78.3499984741211,78.62110137939453,78.62110137939453,2087214
34,2022-09-07 11:30:00-04:00,78.62999725341797,78.9000015258789,78.55500030517578,78.6395034790039,78.6395034790039,2184620
35,2022-09-07 11:45:00-04:00,78.62010192871094,79.16999816894531,78.5801010131836,78.99500274658203,78.99500274658203,2092477
36,2022-09-07 12:00:00-04:00,79.0,79.05999755859375,78.61000061035156,78.6500015258789,78.6500015258789,1733678
37,2022-09-07 12:15:00-04:00,78.65499877929688,78.66000366210938,78.29000091552734,78.33799743652344,78.33799743652344,2002366
38,2022-09-07 12:30:00-04:00,78.31500244140625,78.75,78.19999694824219,78.66000366210938,78.66000366210938,3038277
39,2022-09-07 12:45:00-04:00,78.66999816894531,78.89990234375,78.62999725341797,78.83999633789062,78.83999633789062,1904476
40,2022-09-07 13:00:00-04:00,78.83999633789062,78.94000244140625,78.7300033569336,78.87999725341797,78.87999725341797,1311345
41,2022-09-07 13:15:00-04:00,78.88999938964844,78.9894027709961,78.5999984741211,78.6449966430664,78.6449966430664,1263717
42,2022-09-07 13:30:00-04:00,78.63999938964844,79.4000015258789,78.61000061035156,79.30999755859375,79.30999755859375,2090856
43,2022-09-07 13:45:00-04:00,79.31500244140625,79.48999786376953,79.18000030517578,79.2300033569336,79.2300033569336,1593636
44,2022-09-07 14:00:00-04:00,79.23619842529297,79.58999633789062,79.19999694824219,79.3499984741211,79.3499984741211,1538378
45,2022-09-07 14:15:00-04:00,79.33999633789062,79.63500213623047,79.1698989868164,79.62000274658203,79.62000274658203,1280998
46,2022-09-07 14:30:00-04:00,79.62999725341797,79.87000274658203,79.4000015258789,79.70700073242188,79.70700073242188,1910329
47,2022-09-07 14:45:00-04:00,79.72000122070312,80.05999755859375,79.71499633789062,80.02999877929688,80.02999877929688,1644836
48,2022-09-07 15:00:00-04:00,80.02999877929688,80.19999694824219,79.87999725341797,80.05000305175781,80.05000305175781,1794312
49,2022-09-07 15:15:00-04:00,80.06990051269531,80.19000244140625,79.91500091552734,80.14710235595703,80.14710235595703,1978485
50,2022-09-07 15:30:00-04:00,80.14990234375,80.25,79.72000122070312,79.92500305175781,79.92500305175781,2458844
51,2022-09-07 15:45:00-04:00,79.92500305175781,80.01000213623047,79.58999633789062,79.5999984741211,79.5999984741211,2782571
52,2022-09-08 09:30:00-04:00,80.02999877929688,80.7300033569336,79.23999786376953,80.62000274658203,80.62000274658203,9028691
53,2022-09-08 09:45:00-04:00,80.62000274658203,81.69999694824219,80.5199966430664,81.30999755859375,81.30999755859375,7010852
54,2022-09-08 10:00:00-04:00,81.31839752197266,81.58000183105469,80.68569946289062,81.44000244140625,81.44000244140625,5789495
55,2022-09-08 10:15:00-04:00,81.43000030517578,82.33999633789062,81.31999969482422,81.61000061035156,81.61000061035156,5567328
56,2022-09-08 10:30:00-04:00,81.60299682617188,82.33999633789062,81.41000366210938,82.1593017578125,82.1593017578125,4434263
57,2022-09-08 10:45:00-04:00,82.16000366210938,82.68000030517578,82.01000213623047,82.53500366210938,82.53500366210938,3616391
58,2022-09-08 11:00:00-04:00,82.52999877929688,83.0999984741211,82.52999877929688,83.05020141601562,83.05020141601562,3850634
59,2022-09-08 11:15:00-04:00,83.05010223388672,83.44999694824219,82.87999725341797,83.08989715576172,83.08989715576172,3961251
60,2022-09-08 11:30:00-04:00,83.08000183105469,83.18000030517578,82.62000274658203,82.7300033569336,82.7300033569336,3589285
61,2022-09-08 11:45:00-04:00,82.72000122070312,82.79499816894531,82.37999725341797,82.50189971923828,82.50189971923828,2257464
62,2022-09-08 12:00:00-04:00,82.50430297851562,82.59500122070312,81.27999877929688,81.46499633789062,81.46499633789062,4606522
63,2022-09-08 12:15:00-04:00,81.45999908447266,81.66000366210938,81.1449966430664,81.49500274658203,81.49500274658203,3020997
64,2022-09-08 12:30:00-04:00,81.4800033569336,82.12000274658203,81.40029907226562,82.08670043945312,82.08670043945312,2565335
65,2022-09-08 12:45:00-04:00,82.08999633789062,82.12000274658203,81.80000305175781,81.91999816894531,81.91999816894531,2050329
66,2022-09-08 13:00:00-04:00,81.93499755859375,82.0999984741211,81.38999938964844,82.0250015258789,82.0250015258789,2366944
67,2022-09-08 13:15:00-04:00,82.02999877929688,82.18000030517578,81.91000366210938,82.01000213623047,82.01000213623047,1795480
68,2022-09-08 13:30:00-04:00,82.01000213623047,82.37000274658203,81.83999633789062,82.125,82.125,1862939
69,2022-09-08 13:45:00-04:00,82.12000274658203,82.20999908447266,81.61000061035156,81.885498046875,81.885498046875,2140476
70,2022-09-08 14:00:00-04:00,81.88999938964844,82.01000213623047,81.69999694824219,81.71829986572266,81.71829986572266,1518065
71,2022-09-08 14:15:00-04:00,81.70999908447266,81.88999938964844,81.58000183105469,81.7249984741211,81.7249984741211,1420658
72,2022-09-08 14:30:00-04:00,81.73880004882812,82.18499755859375,81.69000244140625,81.99610137939453,81.99610137939453,2289619
73,2022-09-08 14:45:00-04:00,81.98999786376953,82.0999984741211,81.6500015258789,82.0,82.0,2420676
74,2022-09-08 15:00:00-04:00,82.0,82.22000122070312,81.7699966430664,82.18000030517578,82.18000030517578,2254649
75,2022-09-08 15:15:00-04:00,82.18000030517578,82.34500122070312,82.1449966430664,82.30500030517578,82.30500030517578,1736207
76,2022-09-08 15:30:00-04:00,82.30500030517578,82.44000244140625,82.05999755859375,82.14990234375,82.14990234375,2235114
77,2022-09-08 15:45:00-04:00,82.1449966430664,82.80000305175781,82.1449966430664,82.77999877929688,82.77999877929688,3591634
78,2022-09-09 09:30:00-04:00,84.02999877929688,84.9000015258789,83.83999633789062,84.39990234375,84.39990234375,8080488
79,2022-09-09 09:45:00-04:00,84.41000366210938,84.88999938964844,84.08000183105469,84.86000061035156,84.86000061035156,4985158
80,2022-09-09 10:00:00-04:00,84.86000061035156,85.02999877929688,84.5999984741211,84.72989654541016,84.72989654541016,3950738
81,2022-09-09 10:15:00-04:00,84.70999908447266,84.98999786376953,84.0199966430664,84.37539672851562,84.37539672851562,4336793
82,2022-09-09 10:30:00-04:00,84.37999725341797,84.84249877929688,84.17500305175781,84.7699966430664,84.7699966430664,3106238
83,2022-09-09 10:45:00-04:00,84.7699966430664,84.83000183105469,84.5,84.77040100097656,84.77040100097656,2581981
84,2022-09-09 11:00:00-04:00,84.7699966430664,84.82499694824219,84.38500213623047,84.7406005859375,84.7406005859375,2326351
85,2022-09-09 11:15:00-04:00,84.73999786376953,85.2699966430664,84.58000183105469,85.19000244140625,85.19000244140625,3352537
86,2022-09-09 11:30:00-04:00,85.18000030517578,85.59500122070312,85.01000213623047,85.51010131835938,85.51010131835938,2346325
87,2022-09-09 11:45:00-04:00,85.5199966430664,85.5999984741211,85.2699966430664,85.44100189208984,85.44100189208984,2464430
88,2022-09-09 12:00:00-04:00,85.44999694824219,85.52999877929688,85.0999984741211,85.13999938964844,85.13999938964844,2169213
89,2022-09-09 12:15:00-04:00,85.12999725341797,85.25,84.87000274658203,85.04000091552734,85.04000091552734,1834781
90,2022-09-09 12:30:00-04:00,85.0199966430664,85.2699966430664,84.8499984741211,85.16999816894531,85.16999816894531,1525968
91,2022-09-09 12:45:00-04:00,85.17289733886719,85.44999694824219,85.12359619140625,85.33499908447266,85.33499908447266,1243904
92,2022-09-09 13:00:00-04:00,85.3499984741211,85.38099670410156,85.17240142822266,85.36039733886719,85.36039733886719,1466526
93,2022-09-09 13:15:00-04:00,85.36499786376953,85.4800033569336,85.29000091552734,85.37999725341797,85.37999725341797,1320990
94,2022-09-09 13:30:00-04:00,85.38999938964844,85.55000305175781,85.2300033569336,85.25,85.25,1216610
95,2022-09-09 13:45:00-04:00,85.25499725341797,85.27999877929688,85.11000061035156,85.13999938964844,85.13999938964844,1072722
96,2022-09-09 14:00:00-04:00,85.13500213623047,85.19000244140625,84.87999725341797,85.15139770507812,85.15139770507812,1560727
97,2022-09-09 14:15:00-04:00,85.15499877929688,85.29499816894531,85.08999633789062,85.24500274658203,85.24500274658203,1487731
98,2022-09-09 14:30:00-04:00,85.24600219726562,85.24600219726562,84.84500122070312,84.9041976928711,84.9041976928711,1578571
99,2022-09-09 14:45:00-04:00,84.9031982421875,85.04000091552734,84.76000213623047,84.9800033569336,84.9800033569336,1649437
100,2022-09-09 15:00:00-04:00,84.97000122070312,85.26000213623047,84.91999816894531,85.21499633789062,85.21499633789062,1946751
101,2022-09-09 15:15:00-04:00,85.20999908447266,85.38999938964844,85.16000366210938,85.2750015258789,85.2750015258789,1967876
102,2022-09-09 15:30:00-04:00,85.28500366210938,85.62979888916016,85.20999908447266,85.6050033569336,85.6050033569336,2890480
103,2022-09-09 15:45:00-04:00,85.5999984741211,85.68000030517578,85.33999633789062,85.45999908447266,85.45999908447266,4312158
104,2022-09-12 09:30:00-04:00,84.91999816894531,85.19999694824219,84.02999877929688,84.19000244140625,84.19000244140625,7703900
105,2022-09-12 09:45:00-04:00,84.19000244140625,85.0999984741211,83.87000274658203,84.83000183105469,84.83000183105469,6111776
106,2022-09-12 10:00:00-04:00,84.83999633789062,85.04000091552734,84.4800033569336,84.58000183105469,84.58000183105469,4519706
107,2022-09-12 10:15:00-04:00,84.5801010131836,85.34880065917969,84.56999969482422,84.88999938964844,84.88999938964844,4422976
108,2022-09-12 10:30:00-04:00,84.87999725341797,84.98999786376953,84.36000061035156,84.55999755859375,84.55999755859375,3292495
109,2022-09-12 10:45:00-04:00,84.55989837646484,84.73999786376953,84.0199966430664,84.08999633789062,84.08999633789062,2616489
110,2022-09-12 11:00:00-04:00,84.08499908447266,84.0999984741211,83.69999694824219,83.98999786376953,83.98999786376953,3452284
111,2022-09-12 11:15:00-04:00,83.99500274658203,84.2499008178711,83.79000091552734,84.16999816894531,84.16999816894531,2517501
112,2022-09-12 11:30:00-04:00,84.17500305175781,84.37989807128906,83.97000122070312,84.2311019897461,84.2311019897461,2515048
113,2022-09-12 11:45:00-04:00,84.23999786376953,84.31999969482422,83.59500122070312,83.66999816894531,83.66999816894531,2782610
114,2022-09-12 12:00:00-04:00,83.68000030517578,83.87000274658203,83.45999908447266,83.75499725341797,83.75499725341797,2774770
115,2022-09-12 12:15:00-04:00,83.76010131835938,84.0199966430664,83.5999984741211,83.91500091552734,83.91500091552734,2110511
116,2022-09-12 12:30:00-04:00,83.91130065917969,84.06999969482422,83.71320343017578,83.97869873046875,83.97869873046875,1513411
117,2022-09-12 12:45:00-04:00,83.9749984741211,84.19000244140625,83.76499938964844,84.18000030517578,84.18000030517578,1633275
118,2022-09-12 13:00:00-04:00,84.18409729003906,84.45999908447266,84.01000213623047,84.40499877929688,84.40499877929688,1858292
119,2022-09-12 13:15:00-04:00,84.41089630126953,84.48899841308594,84.125,84.30000305175781,84.30000305175781,1560854
120,2022-09-12 13:30:00-04:00,84.31500244140625,84.33000183105469,83.95999908447266,84.0,84.0,1170193
121,2022-09-12 13:45:00-04:00,83.99749755859375,84.38520050048828,83.95999908447266,84.28500366210938,84.28500366210938,1240978
122,2022-09-12 14:00:00-04:00,84.27999877929688,84.37000274658203,83.96499633789062,84.11509704589844,84.11509704589844,1211911
123,2022-09-12 14:15:00-04:00,84.11000061035156,84.12100219726562,83.71269989013672,83.76499938964844,83.76499938964844,1841742
124,2022-09-12 14:30:00-04:00,83.76000213623047,83.87999725341797,83.66999816894531,83.77890014648438,83.77890014648438,1426010
125,2022-09-12 14:45:00-04:00,83.7750015258789,83.95999908447266,83.7490005493164,83.88500213623047,83.88500213623047,1334552
126,2022-09-12 15:00:00-04:00,83.88990020751953,84.41010284423828,83.86170196533203,84.34500122070312,84.34500122070312,2410068
127,2022-09-12 15:15:00-04:00,84.34500122070312,84.37999725341797,84.13999938964844,84.27999877929688,84.27999877929688,1745463
128,2022-09-12 15:30:00-04:00,84.27999877929688,84.66000366210938,84.20999908447266,84.6447982788086,84.6447982788086,2278907
129,2022-09-12 15:45:00-04:00,84.6449966430664,84.69999694824219,84.37999725341797,84.63999938964844,84.63999938964844,3436323
130,2022-09-13 09:30:00-04:00,80.95500183105469,81.47000122070312,80.04000091552734,80.1050033569336,80.1050033569336,8642584
131,2022-09-13 09:45:00-04:00,80.10990142822266,80.43000030517578,79.87000274658203,79.94000244140625,79.94000244140625,4770012
132,2022-09-13 10:00:00-04:00,79.94499969482422,80.25910186767578,79.62999725341797,80.02999877929688,80.02999877929688,4063576
133,2022-09-13 10:15:00-04:00,80.02999877929688,80.05999755859375,79.41999816894531,79.45999908447266,79.45999908447266,3633151
134,2022-09-13 10:30:00-04:00,79.45500183105469,79.73999786376953,78.77110290527344,78.95999908447266,78.95999908447266,3802118
135,2022-09-13 10:45:00-04:00,78.97000122070312,78.98699951171875,78.54000091552734,78.7300033569336,78.7300033569336,2789262
136,2022-09-13 11:00:00-04:00,78.7300033569336,78.83000183105469,78.25,78.40899658203125,78.40899658203125,3039209
137,2022-09-13 11:15:00-04:00,78.41000366210938,78.61000061035156,78.31999969482422,78.52999877929688,78.52999877929688,2234826
138,2022-09-13 11:30:00-04:00,78.51499938964844,78.69999694824219,78.31999969482422,78.5,78.5,2268943
139,2022-09-13 11:45:00-04:00,78.50499725341797,78.6050033569336,78.2750015258789,78.5342025756836,78.5342025756836,2073981
140,2022-09-13 12:00:00-04:00,78.52999877929688,78.78500366210938,78.37999725341797,78.7708969116211,78.7708969116211,2303937
141,2022-09-13 12:15:00-04:00,78.7699966430664,78.79499816894531,78.2249984741211,78.23999786376953,78.23999786376953,2058793
142,2022-09-13 12:30:00-04:00,78.23999786376953,78.39990234375,78.0999984741211,78.31009674072266,78.31009674072266,1930701
143,2022-09-13 12:45:00-04:00,78.31620025634766,78.39990234375,78.1500015258789,78.19999694824219,78.19999694824219,1309302
144,2022-09-13 13:00:00-04:00,78.19000244140625,78.43000030517578,78.07209777832031,78.2699966430664,78.2699966430664,1965407
145,2022-09-13 13:15:00-04:00,78.26000213623047,78.55999755859375,78.1500015258789,78.51000213623047,78.51000213623047,2077885
146,2022-09-13 13:30:00-04:00,78.5,78.58000183105469,78.30000305175781,78.30999755859375,78.30999755859375,1613119
147,2022-09-13 13:45:00-04:00,78.31500244140625,78.33000183105469,78.13999938964844,78.18119812011719,78.18119812011719,1409906
148,2022-09-13 14:00:00-04:00,78.18499755859375,78.38999938964844,78.06999969482422,78.3499984741211,78.3499984741211,1652482
149,2022-09-13 14:15:00-04:00,78.34420013427734,78.3949966430664,78.12000274658203,78.18000030517578,78.18000030517578,1479337
150,2022-09-13 14:30:00-04:00,78.17009735107422,78.19999694824219,77.9000015258789,77.92579650878906,77.92579650878906,1851046
151,2022-09-13 14:45:00-04:00,77.92500305175781,78.11499786376953,77.77999877929688,77.94999694824219,77.94999694824219,2368908
152,2022-09-13 15:00:00-04:00,77.94000244140625,78.0199966430664,77.56999969482422,77.61499786376953,77.61499786376953,2236429
153,2022-09-13 15:15:00-04:00,77.61000061035156,77.81999969482422,77.30999755859375,77.33499908447266,77.33499908447266,2574653
154,2022-09-13 15:30:00-04:00,77.33499908447266,77.41999816894531,76.83000183105469,76.94000244140625,76.94000244140625,3987319
155,2022-09-13 15:45:00-04:00,76.93000030517578,77.2699966430664,76.80000305175781,77.02999877929688,77.02999877929688,7115503
156,2022-09-14 09:30:00-04:00,77.0999984741211,77.30899810791016,75.99420166015625,76.33000183105469,76.33000183105469,7072364
157,2022-09-14 09:45:00-04:00,77.0,77.36000061035156,76.2239990234375,77.14839935302734,77.14839935302734,7023090
158,2022-09-14 10:00:00-04:00,77.1500015258789,77.29000091552734,76.70999908447266,76.93499755859375,76.93499755859375,4317613
159,2022-09-14 10:15:00-04:00,76.94000244140625,77.2699966430664,76.4000015258789,76.45099639892578,76.45099639892578,4091732
160,2022-09-14 10:30:00-04:00,76.44999694824219,77.41999816894531,76.3499984741211,77.26000213623047,77.26000213623047,3718708
161,2022-09-14 10:45:00-04:00,77.2699966430664,77.66999816894531,77.05000305175781,77.4800033569336,77.4800033569336,2920530
162,2022-09-14 11:00:00-04:00,77.48500061035156,77.87000274658203,77.16000366210938,77.69000244140625,77.69000244140625,2905703
163,2022-09-14 11:15:00-04:00,77.7300033569336,77.83000183105469,77.4000015258789,77.50499725341797,77.50499725341797,2398980
164,2022-09-14 11:30:00-04:00,77.51000213623047,77.73999786376953,77.26000213623047,77.66999816894531,77.66999816894531,2211664
165,2022-09-14 11:45:00-04:00,77.6781005859375,77.77999877929688,77.44190216064453,77.48999786376953,77.48999786376953,1785622
166,2022-09-14 12:00:00-04:00,77.5,77.55999755859375,77.2300033569336,77.48999786376953,77.48999786376953,1922346
167,2022-09-14 12:15:00-04:00,77.48789978027344,77.75,77.38999938964844,77.48999786376953,77.48999786376953,2101154
168,2022-09-14 12:30:00-04:00,77.5,77.75,77.34500122070312,77.73999786376953,77.73999786376953,1551490
169,2022-09-14 12:45:00-04:00,77.73500061035156,78.06999969482422,77.62000274658203,77.91000366210938,77.91000366210938,2223897
170,2022-09-14 13:00:00-04:00,77.91999816894531,78.08000183105469,77.72000122070312,77.81999969482422,77.81999969482422,1792957
171,2022-09-14 13:15:00-04:00,77.83000183105469,77.94000244140625,77.37999725341797,77.44000244140625,77.44000244140625,1750309
172,2022-09-14 13:30:00-04:00,77.44999694824219,77.45999908447266,77.25,77.41999816894531,77.41999816894531,1503664
173,2022-09-14 13:45:00-04:00,77.42440032958984,77.43669891357422,76.77999877929688,76.87999725341797,76.87999725341797,2260469
174,2022-09-14 14:00:00-04:00,76.87000274658203,76.98999786376953,76.63999938964844,76.77989959716797,76.77989959716797,1671569
175,2022-09-14 14:15:00-04:00,76.7750015258789,77.0999984741211,76.75900268554688,76.92040252685547,76.92040252685547,1682268
176,2022-09-14 14:30:00-04:00,76.91999816894531,77.05999755859375,76.83999633789062,76.86000061035156,76.86000061035156,1465125
177,2022-09-14 14:45:00-04:00,76.8499984741211,77.0,76.66999816894531,76.7300033569336,76.7300033569336,1391489
178,2022-09-14 15:00:00-04:00,76.7300033569336,76.91500091552734,76.66999816894531,76.72000122070312,76.72000122070312,1503893
179,2022-09-14 15:15:00-04:00,76.72000122070312,76.76000213623047,76.48999786376953,76.73500061035156,76.73500061035156,2063323
180,2022-09-14 15:30:00-04:00,76.7300033569336,76.91919708251953,76.4800033569336,76.86000061035156,76.86000061035156,2296709
181,2022-09-14 15:45:00-04:00,76.86000061035156,77.54000091552734,76.7510986328125,77.45500183105469,77.45500183105469,3330349
182,2022-09-15 09:30:00-04:00,76.63999938964844,76.80999755859375,75.93000030517578,76.66500091552734,76.66500091552734,6172285
183,2022-09-15 09:45:00-04:00,76.66000366210938,77.54000091552734,76.20999908447266,77.20999908447266,77.20999908447266,5503979
184,2022-09-15 10:00:00-04:00,77.20999908447266,77.5,76.77999877929688,77.19989776611328,77.19989776611328,3438557
185,2022-09-15 10:15:00-04:00,77.19000244140625,77.41999816894531,76.5,76.56999969482422,76.56999969482422,3065743
186,2022-09-15 10:30:00-04:00,76.56999969482422,76.68000030517578,76.2750015258789,76.47000122070312,76.47000122070312,2503733
187,2022-09-15 10:45:00-04:00,76.48899841308594,76.48999786376953,75.38999938964844,75.4000015258789,75.4000015258789,3488016
188,2022-09-15 11:00:00-04:00,75.38999938964844,75.44000244140625,74.90499877929688,75.05989837646484,75.05989837646484,3692769
189,2022-09-15 11:15:00-04:00,75.05000305175781,75.77999877929688,74.97000122070312,75.7155990600586,75.7155990600586,3536698
190,2022-09-15 11:30:00-04:00,75.70999908447266,76.12999725341797,75.69999694824219,76.00129699707031,76.00129699707031,2703614
191,2022-09-15 11:45:00-04:00,76.01000213623047,76.2699966430664,75.77999877929688,76.1449966430664,76.1449966430664,3693741
192,2022-09-15 12:00:00-04:00,76.13999938964844,76.33999633789062,75.75,75.75060272216797,75.75060272216797,2905975
193,2022-09-15 12:15:00-04:00,75.75160217285156,76.34500122070312,75.75160217285156,76.11000061035156,76.11000061035156,2348116
194,2022-09-15 12:30:00-04:00,76.0999984741211,76.52999877929688,76.05000305175781,76.47000122070312,76.47000122070312,1722982
195,2022-09-15 12:45:00-04:00,76.4800033569336,76.9800033569336,76.36000061035156,76.96939849853516,76.96939849853516,2202485
196,2022-09-15 13:00:00-04:00,76.97000122070312,77.58000183105469,76.97000122070312,77.5199966430664,77.5199966430664,3651805
197,2022-09-15 13:15:00-04:00,77.52999877929688,77.97000122070312,77.44879913330078,77.77999877929688,77.77999877929688,2703415
198,2022-09-15 13:30:00-04:00,77.77999877929688,77.80999755859375,77.38999938964844,77.39920043945312,77.39920043945312,2473272
199,2022-09-15 13:45:00-04:00,77.39759826660156,77.40750122070312,77.05999755859375,77.21499633789062,77.21499633789062,2592945
200,2022-09-15 14:00:00-04:00,77.22000122070312,77.2300033569336,76.66000366210938,76.87999725341797,76.87999725341797,2680000
201,2022-09-15 14:15:00-04:00,76.88500213623047,77.19000244140625,76.79000091552734,77.17500305175781,77.17500305175781,2306361
202,2022-09-15 14:30:00-04:00,77.17500305175781,77.35150146484375,76.93000030517578,77.01499938964844,77.01499938964844,2107226
203,2022-09-15 14:45:00-04:00,77.01000213623047,77.01499938964844,76.56999969482422,76.72019958496094,76.72019958496094,2015270
204,2022-09-15 15:00:00-04:00,76.7249984741211,76.87999725341797,76.0999984741211,76.18710327148438,76.18710327148438,2389377
205,2022-09-15 15:15:00-04:00,76.17749786376953,76.30500030517578,75.98999786376953,76.08999633789062,76.08999633789062,2535228
206,2022-09-15 15:30:00-04:00,76.08000183105469,76.57499694824219,76.01000213623047,76.51100158691406,76.51100158691406,2511285
207,2022-09-15 15:45:00-04:00,76.518798828125,76.89649963378906,76.44999694824219,76.66000366210938,76.66000366210938,4503997
208,2022-09-16 09:30:00-04:00,75.62000274658203,75.94999694824219,74.68000030517578,74.88999938964844,74.88999938964844,7743725
209,2022-09-16 09:45:00-04:00,74.88999938964844,75.40499877929688,74.7249984741211,74.8499984741211,74.8499984741211,4230889
210,2022-09-16 10:00:00-04:00,74.87000274658203,75.97000122070312,74.75,75.74639892578125,75.74639892578125,4619543
211,2022-09-16 10:15:00-04:00,75.7249984741211,76.08999633789062,75.48999786376953,75.87010192871094,75.87010192871094,3371484
212,2022-09-16 10:30:00-04:00,75.9000015258789,76.81999969482422,75.87999725341797,76.04180145263672,76.04180145263672,4103330
213,2022-09-16 10:45:00-04:00,76.04499816894531,76.19000244140625,75.4800033569336,75.48999786376953,75.48999786376953,3596105
214,2022-09-16 11:00:00-04:00,75.48999786376953,75.66000366210938,75.12000274658203,75.13999938964844,75.13999938964844,2624089
215,2022-09-16 11:15:00-04:00,75.1500015258789,75.47750091552734,75.04000091552734,75.1500015258789,75.1500015258789,2459159
216,2022-09-16 11:30:00-04:00,75.14990234375,75.30999755859375,74.97000122070312,75.06999969482422,75.06999969482422,1733410
217,2022-09-16 11:45:00-04:00,75.06999969482422,75.48999786376953,74.9800033569336,75.47000122070312,75.47000122070312,1866686
218,2022-09-16 12:00:00-04:00,75.47000122070312,75.625,75.15339660644531,75.16999816894531,75.16999816894531,2623726
219,2022-09-16 12:15:00-04:00,75.17169952392578,75.29850006103516,74.9000015258789,75.0199966430664,75.0199966430664,1906677
220,2022-09-16 12:30:00-04:00,75.01909637451172,75.45999908447266,75.0,75.41999816894531,75.41999816894531,1618405
221,2022-09-16 12:45:00-04:00,75.41999816894531,75.58999633789062,75.33000183105469,75.56500244140625,75.56500244140625,1400666
222,2022-09-16 13:00:00-04:00,75.56999969482422,75.689697265625,75.17140197753906,75.23999786376953,75.23999786376953,1713139
223,2022-09-16 13:15:00-04:00,75.23999786376953,75.4000015258789,75.16999816894531,75.28990173339844,75.28990173339844,1138039
224,2022-09-16 13:30:00-04:00,75.27999877929688,75.8550033569336,75.25,75.67849731445312,75.67849731445312,1850123
225,2022-09-16 13:45:00-04:00,75.66999816894531,75.69000244140625,75.38500213623047,75.58000183105469,75.58000183105469,1377304
226,2022-09-16 14:00:00-04:00,75.58999633789062,75.72000122070312,75.45330047607422,75.61000061035156,75.61000061035156,1409855
227,2022-09-16 14:15:00-04:00,75.60990142822266,76.05889892578125,75.37999725341797,75.91999816894531,75.91999816894531,1917103
228,2022-09-16 14:30:00-04:00,75.93000030517578,76.02999877929688,75.58999633789062,75.69989776611328,75.69989776611328,1968161
229,2022-09-16 14:45:00-04:00,75.69999694824219,76.16999816894531,75.66000366210938,75.95999908447266,75.95999908447266,1892976
230,2022-09-16 15:00:00-04:00,75.96489715576172,76.33000183105469,75.818603515625,75.9800033569336,75.9800033569336,2144499
231,2022-09-16 15:15:00-04:00,75.9800033569336,76.13999938964844,75.67500305175781,75.74500274658203,75.74500274658203,2343210
232,2022-09-16 15:30:00-04:00,75.73999786376953,76.11669921875,75.56999969482422,76.1050033569336,76.1050033569336,2804520
233,2022-09-16 15:45:00-04:00,76.11000061035156,76.591796875,75.7300033569336,76.5,76.5,4826370
234,2022-09-19 09:30:00-04:00,75.38999938964844,76.63999938964844,75.3499984741211,76.33999633789062,76.33999633789062,6526071
235,2022-09-19 09:45:00-04:00,76.33999633789062,76.66999816894531,75.97000122070312,76.58000183105469,76.58000183105469,4124262
236,2022-09-19 10:00:00-04:00,76.58000183105469,77.01000213623047,76.09010314941406,76.73999786376953,76.73999786376953,4042480
237,2022-09-19 10:15:00-04:00,76.76000213623047,77.05000305175781,76.3104019165039,76.51290130615234,76.51290130615234,3782528
238,2022-09-19 10:30:00-04:00,76.51000213623047,77.29000091552734,76.31999969482422,77.18009948730469,77.18009948730469,3426071
239,2022-09-19 10:45:00-04:00,77.19090270996094,77.33999633789062,76.91500091552734,76.98500061035156,76.98500061035156,2896429
240,2022-09-19 11:00:00-04:00,76.98500061035156,77.12000274658203,76.73999786376953,76.8949966430664,76.8949966430664,3294948
241,2022-09-19 11:15:00-04:00,76.8949966430664,77.08000183105469,76.37999725341797,76.3949966430664,76.3949966430664,2826436
242,2022-09-19 11:30:00-04:00,76.38999938964844,76.44000244140625,76.13999938964844,76.30500030517578,76.30500030517578,2644794
243,2022-09-19 11:45:00-04:00,76.30500030517578,76.44999694824219,76.0199966430664,76.04910278320312,76.04910278320312,2172776
244,2022-09-19 12:00:00-04:00,76.04000091552734,76.33999633789062,75.86000061035156,76.19000244140625,76.19000244140625,1997514
245,2022-09-19 12:15:00-04:00,76.19000244140625,76.33999633789062,76.04149627685547,76.15499877929688,76.15499877929688,1600624
246,2022-09-19 12:30:00-04:00,76.15499877929688,76.4800033569336,76.125,76.4188003540039,76.4188003540039,1612432
247,2022-09-19 12:45:00-04:00,76.41999816894531,76.58000183105469,76.25,76.45999908447266,76.45999908447266,1425730
248,2022-09-19 13:00:00-04:00,76.46499633789062,76.5,76.11000061035156,76.11499786376953,76.11499786376953,1215206
249,2022-09-19 13:15:00-04:00,76.11419677734375,76.3550033569336,76.02999877929688,76.33999633789062,76.33999633789062,1413244
250,2022-09-19 13:30:00-04:00,76.34010314941406,76.36499786376953,76.05999755859375,76.26709747314453,76.26709747314453,1271203
251,2022-09-19 13:45:00-04:00,76.2500991821289,76.47000122070312,76.23999786376953,76.37000274658203,76.37000274658203,1208595
252,2022-09-19 14:00:00-04:00,76.37000274658203,76.45999908447266,76.2300033569336,76.2699966430664,76.2699966430664,1323482
253,2022-09-19 14:15:00-04:00,76.27999877929688,76.55370330810547,76.25,76.32990264892578,76.32990264892578,1824827
254,2022-09-19 14:30:00-04:00,76.33499908447266,76.7572021484375,76.33499908447266,76.50420379638672,76.50420379638672,1897291
255,2022-09-19 14:45:00-04:00,76.5,76.6500015258789,76.40010070800781,76.61000061035156,76.61000061035156,1441849
256,2022-09-19 15:00:00-04:00,76.6050033569336,76.98999786376953,76.6050033569336,76.83000183105469,76.83000183105469,2424814
257,2022-09-19 15:15:00-04:00,76.83999633789062,76.9800033569336,76.62000274658203,76.9000015258789,76.9000015258789,2065805
258,2022-09-19 15:30:00-04:00,76.9000015258789,77.11000061035156,76.9000015258789,76.95500183105469,76.95500183105469,1695772
259,2022-09-19 15:45:00-04:00,76.94999694824219,76.98500061035156,76.62000274658203,76.77999877929688,76.77999877929688,2769351
260,2022-09-20 09:30:00-04:00,76.08000183105469,76.58000183105469,75.66999816894531,75.84919738769531,75.84919738769531,4927026
261,2022-09-20 09:45:00-04:00,75.84500122070312,76.0999984741211,75.44999694824219,75.56999969482422,75.56999969482422,3997472
262,2022-09-20 10:00:00-04:00,75.56999969482422,76.09500122070312,75.47000122070312,75.83000183105469,75.83000183105469,3287230
263,2022-09-20 10:15:00-04:00,75.8499984741211,76.18000030517578,75.66999816894531,75.93000030517578,75.93000030517578,2865968
264,2022-09-20 10:30:00-04:00,75.92839813232422,75.92839813232422,75.47000122070312,75.74500274658203,75.74500274658203,2315044
265,2022-09-20 10:45:00-04:00,75.73999786376953,76.13929748535156,75.62999725341797,75.9990005493164,75.9990005493164,1788646
266,2022-09-20 11:00:00-04:00,76.01000213623047,76.17949676513672,75.69999694824219,75.91999816894531,75.91999816894531,2098779
267,2022-09-20 11:15:00-04:00,75.93000030517578,76.01000213623047,75.72000122070312,75.91500091552734,75.91500091552734,1254187
268,2022-09-20 11:30:00-04:00,75.91000366210938,76.02999877929688,75.70999908447266,75.73629760742188,75.73629760742188,988074
269,2022-09-20 11:45:00-04:00,75.73500061035156,76.31999969482422,75.71499633789062,76.22419738769531,76.22419738769531,1576780
270,2022-09-20 12:00:00-04:00,76.2208023071289,76.3499984741211,76.03669738769531,76.16000366210938,76.16000366210938,1460569
271,2022-09-20 12:15:00-04:00,76.16000366210938,76.22000122070312,75.79000091552734,75.84989929199219,75.84989929199219,1436977
272,2022-09-20 12:30:00-04:00,75.83999633789062,75.87529754638672,75.6500015258789,75.73269653320312,75.73269653320312,858339
273,2022-09-20 12:45:00-04:00,75.7394027709961,75.83000183105469,75.66000366210938,75.80000305175781,75.80000305175781,841454
274,2022-09-20 13:00:00-04:00,75.80719757080078,75.86000061035156,75.47000122070312,75.5000991821289,75.5000991821289,1167200
275,2022-09-20 13:15:00-04:00,75.4800033569336,75.48989868164062,75.01000213623047,75.04910278320312,75.04910278320312,1583695
276,2022-09-20 13:30:00-04:00,75.04000091552734,75.18000030517578,74.83000183105469,75.13500213623047,75.13500213623047,2224712
277,2022-09-20 13:45:00-04:00,75.13179779052734,75.20999908447266,74.731201171875,74.81790161132812,74.81790161132812,1651343
278,2022-09-20 14:00:00-04:00,74.80999755859375,75.12999725341797,74.80000305175781,75.0199966430664,75.0199966430664,1424663
279,2022-09-20 14:15:00-04:00,75.0199966430664,75.33879852294922,74.91000366210938,75.23500061035156,75.23500061035156,1480724
280,2022-09-20 14:30:00-04:00,75.23999786376953,75.23999786376953,74.92500305175781,75.11499786376953,75.11499786376953,1205917
281,2022-09-20 14:45:00-04:00,75.1050033569336,75.53990173339844,75.08999633789062,75.36009979248047,75.36009979248047,1618620
282,2022-09-20 15:00:00-04:00,75.36990356445312,75.57669830322266,75.2300033569336,75.45500183105469,75.45500183105469,1660475
283,2022-09-20 15:15:00-04:00,75.45500183105469,75.69499969482422,75.4000015258789,75.52999877929688,75.52999877929688,1457871
284,2022-09-20 15:30:00-04:00,75.5250015258789,75.80999755859375,75.37999725341797,75.70500183105469,75.70500183105469,1658079
285,2022-09-20 15:45:00-04:00,75.70500183105469,75.7699966430664,75.20050048828125,75.2699966430664,75.2699966430664,2778124
286,2022-09-21 09:30:00-04:00,75.43499755859375,75.44000244140625,74.63089752197266,75.01000213623047,75.01000213623047,5001134
287,2022-09-21 09:45:00-04:00,75.01000213623047,75.91999816894531,74.97090148925781,75.84040069580078,75.84040069580078,4520293
288,2022-09-21 10:00:00-04:00,75.83000183105469,76.37000274658203,75.81999969482422,76.29000091552734,76.29000091552734,3953485
289,2022-09-21 10:15:00-04:00,76.29959869384766,76.63500213623047,76.11000061035156,76.5958023071289,76.5958023071289,2964732
290,2022-09-21 10:30:00-04:00,76.59829711914062,76.64810180664062,76.12999725341797,76.18499755859375,76.18499755859375,2413007
291,2022-09-21 10:45:00-04:00,76.18109893798828,76.3949966430664,75.97000122070312,76.13999938964844,76.13999938964844,2080609
292,2022-09-21 11:00:00-04:00,76.14669799804688,76.55999755859375,75.9800033569336,76.55039978027344,76.55039978027344,2515351
293,2022-09-21 11:15:00-04:00,76.55010223388672,76.75499725341797,76.30999755859375,76.69999694824219,76.69999694824219,2301775
294,2022-09-21 11:30:00-04:00,76.69999694824219,76.70999908447266,76.48999786376953,76.59500122070312,76.59500122070312,1301173
295,2022-09-21 11:45:00-04:00,76.59970092773438,76.61750030517578,76.33999633789062,76.42330169677734,76.42330169677734,951478
296,2022-09-21 12:00:00-04:00,76.4198989868164,76.58999633789062,76.27999877929688,76.54499816894531,76.54499816894531,1376800
297,2022-09-21 12:15:00-04:00,76.54010009765625,76.75,76.5,76.74359893798828,76.74359893798828,1249015
298,2022-09-21 12:30:00-04:00,76.74500274658203,76.97989654541016,76.71499633789062,76.73999786376953,76.73999786376953,1441882
299,2022-09-21 12:45:00-04:00,76.73999786376953,76.86940002441406,76.52999877929688,76.54499816894531,76.54499816894531,1213711
300,2022-09-21 13:00:00-04:00,76.52999877929688,76.56009674072266,76.3499984741211,76.41000366210938,76.41000366210938,1025038
301,2022-09-21 13:15:00-04:00,76.4000015258789,76.48999786376953,76.26000213623047,76.45999908447266,76.45999908447266,944399
302,2022-09-21 13:30:00-04:00,76.46499633789062,76.72000122070312,76.43000030517578,76.67500305175781,76.67500305175781,1183880
303,2022-09-21 13:45:00-04:00,76.66999816894531,77.20899963378906,76.60990142822266,77.08499908447266,77.08499908447266,1608388
304,2022-09-21 14:00:00-04:00,77.08999633789062,77.1500015258789,74.77999877929688,75.29000091552734,75.29000091552734,6691551
305,2022-09-21 14:15:00-04:00,75.27999877929688,76.19999694824219,75.15010070800781,75.75,75.75,3814799
306,2022-09-21 14:30:00-04:00,75.75,78.13999938964844,75.47000122070312,77.99250030517578,77.99250030517578,6835619
307,2022-09-21 14:45:00-04:00,77.96829986572266,78.41000366210938,77.03179931640625,77.83999633789062,77.83999633789062,5743560
308,2022-09-21 15:00:00-04:00,77.86000061035156,78.02999877929688,76.20010375976562,77.11000061035156,77.11000061035156,4570161
309,2022-09-21 15:15:00-04:00,77.0999984741211,77.39990234375,75.6500015258789,75.6500015258789,75.6500015258789,4096899
310,2022-09-21 15:30:00-04:00,75.63999938964844,75.6449966430664,74.88099670410156,74.88999938964844,74.88999938964844,4529778
311,2022-09-21 15:45:00-04:00,74.87999725341797,75.06999969482422,74.44999694824219,74.47000122070312,74.47000122070312,5064576
312,2022-09-22 09:30:00-04:00,73.88999938964844,74.29000091552734,72.41000366210938,72.55999755859375,72.55999755859375,6395178
313,2022-09-22 09:45:00-04:00,72.55989837646484,72.66000366210938,71.91000366210938,72.16000366210938,72.16000366210938,5790970
314,2022-09-22 10:00:00-04:00,72.1500015258789,72.55000305175781,71.87010192871094,72.54080200195312,72.54080200195312,4358269
315,2022-09-22 10:15:00-04:00,72.5374984741211,72.5999984741211,71.75499725341797,72.22000122070312,72.22000122070312,4609327
316,2022-09-22 10:30:00-04:00,72.22000122070312,72.55000305175781,71.81999969482422,71.81999969482422,71.81999969482422,3484718
317,2022-09-22 10:45:00-04:00,71.82009887695312,71.91560363769531,70.81999969482422,70.91500091552734,70.91500091552734,5694643
318,2022-09-22 11:00:00-04:00,70.91500091552734,71.16500091552734,70.73999786376953,70.83999633789062,70.83999633789062,3852558
319,2022-09-22 11:15:00-04:00,70.83999633789062,70.9800033569336,70.61000061035156,70.88999938964844,70.88999938964844,3646881
320,2022-09-22 11:30:00-04:00,70.88839721679688,71.1500015258789,70.7699966430664,70.86000061035156,70.86000061035156,3167787
321,2022-09-22 11:45:00-04:00,70.86000061035156,71.18499755859375,70.61000061035156,70.73999786376953,70.73999786376953,2770837
322,2022-09-22 12:00:00-04:00,70.75,70.94999694824219,70.51000213623047,70.62000274658203,70.62000274658203,2304729
323,2022-09-22 12:15:00-04:00,70.61100006103516,70.98500061035156,70.4800033569336,70.7699966430664,70.7699966430664,2468037
324,2022-09-22 12:30:00-04:00,70.7699966430664,70.93499755859375,70.6500015258789,70.8301010131836,70.8301010131836,1870826
325,2022-09-22 12:45:00-04:00,70.83999633789062,70.94999694824219,70.62999725341797,70.63500213623047,70.63500213623047,1850504
326,2022-09-22 13:00:00-04:00,70.63500213623047,70.76000213623047,70.5,70.55000305175781,70.55000305175781,1488117
327,2022-09-22 13:15:00-04:00,70.55719757080078,70.69000244140625,70.44000244140625,70.68000030517578,70.68000030517578,1464206
328,2022-09-22 13:30:00-04:00,70.68499755859375,70.83000183105469,70.44200134277344,70.47000122070312,70.47000122070312,1852487
329,2022-09-22 13:45:00-04:00,70.46920013427734,70.66940307617188,70.44000244140625,70.4894027709961,70.4894027709961,1883578
330,2022-09-22 14:00:00-04:00,70.4800033569336,70.56500244140625,69.8499984741211,69.86000061035156,69.86000061035156,3730511
331,2022-09-22 14:15:00-04:00,69.86499786376953,69.9800033569336,69.16999816894531,69.45999908447266,69.45999908447266,5391478
332,2022-09-22 14:30:00-04:00,69.45500183105469,69.76000213623047,69.41000366210938,69.75700378417969,69.75700378417969,3332690
333,2022-09-22 14:45:00-04:00,69.75499725341797,69.80500030517578,69.43000030517578,69.63999938964844,69.63999938964844,3452462
334,2022-09-22 15:00:00-04:00,69.6449966430664,70.18000030517578,69.62999725341797,70.1500015258789,70.1500015258789,4904584
335,2022-09-22 15:15:00-04:00,70.15499877929688,70.17990112304688,69.62999725341797,69.99169921875,69.99169921875,4559868
336,2022-09-22 15:30:00-04:00,70.0,70.40499877929688,69.97000122070312,70.17549896240234,70.17549896240234,4603456
337,2022-09-22 15:45:00-04:00,70.17500305175781,70.6449966430664,69.4800033569336,69.5,69.5,7243233
338,2022-09-23 09:30:00-04:00,68.0,69.0801010131836,67.75,68.39869689941406,68.39869689941406,10065744
339,2022-09-23 09:45:00-04:00,68.37999725341797,68.62000274658203,67.81999969482422,67.8949966430664,67.8949966430664,4424960
340,2022-09-23 10:00:00-04:00,67.90650177001953,67.90650177001953,67.0199966430664,67.08999633789062,67.08999633789062,6542254
341,2022-09-23 10:15:00-04:00,67.08999633789062,68.02999877929688,67.06999969482422,68.0250015258789,68.0250015258789,4390037
342,2022-09-23 10:30:00-04:00,68.0199966430664,68.22000122070312,67.44999694824219,68.05000305175781,68.05000305175781,3811354
343,2022-09-23 10:45:00-04:00,68.05999755859375,68.33999633789062,67.68000030517578,67.7300033569336,67.7300033569336,3609427
344,2022-09-23 11:00:00-04:00,67.7300033569336,68.23560333251953,67.5199966430664,67.88500213623047,67.88500213623047,2997087
345,2022-09-23 11:15:00-04:00,67.87999725341797,68.19000244140625,67.66999816894531,67.69989776611328,67.69989776611328,2731231
346,2022-09-23 11:30:00-04:00,67.70500183105469,68.29000091552734,67.69000244140625,67.69000244140625,67.69000244140625,2802152
347,2022-09-23 11:45:00-04:00,67.69999694824219,67.86000061035156,67.45999908447266,67.72000122070312,67.72000122070312,1999045
348,2022-09-23 12:00:00-04:00,67.71499633789062,67.7699966430664,67.22000122070312,67.28130340576172,67.28130340576172,1937058
349,2022-09-23 12:15:00-04:00,67.28500366210938,67.38999938964844,67.01000213623047,67.01499938964844,67.01499938964844,2041810
350,2022-09-23 12:30:00-04:00,67.01000213623047,67.35919952392578,67.0,67.2300033569336,67.2300033569336,2573910
351,2022-09-23 12:45:00-04:00,67.2249984741211,67.66999816894531,67.19000244140625,67.58999633789062,67.58999633789062,2115373
352,2022-09-23 13:00:00-04:00,67.59500122070312,67.70999908447266,67.45999908447266,67.54000091552734,67.54000091552734,1651584
353,2022-09-23 13:15:00-04:00,67.53500366210938,67.76000213623047,67.31999969482422,67.33190155029297,67.33190155029297,1686172
354,2022-09-23 13:30:00-04:00,67.33000183105469,67.45999908447266,67.23999786376953,67.26309967041016,67.26309967041016,1596585
355,2022-09-23 13:45:00-04:00,67.26110076904297,67.5,67.24299621582031,67.42009735107422,67.42009735107422,1282422
356,2022-09-23 14:00:00-04:00,67.41999816894531,67.66000366210938,67.06999969482422,67.13050079345703,67.13050079345703,2290901
357,2022-09-23 14:15:00-04:00,67.13130187988281,67.44000244140625,67.02999877929688,67.33000183105469,67.33000183105469,2015821
358,2022-09-23 14:30:00-04:00,67.31500244140625,67.32990264892578,66.83000183105469,67.19999694824219,67.19999694824219,3008207
359,2022-09-23 14:45:00-04:00,67.20539855957031,67.2499008178711,66.82160186767578,66.91500091552734,66.91500091552734,2381109
360,2022-09-23 15:00:00-04:00,66.91000366210938,67.66999816894531,66.87999725341797,67.40010070800781,67.40010070800781,3629030
361,2022-09-23 15:15:00-04:00,67.4000015258789,67.6500015258789,67.33000183105469,67.62999725341797,67.62999725341797,2815136
362,2022-09-23 15:30:00-04:00,67.62940216064453,68.41000366210938,67.5999984741211,68.37629699707031,68.37629699707031,4077783
363,2022-09-23 15:45:00-04:00,68.36000061035156,68.41000366210938,67.6500015258789,67.9800033569336,67.9800033569336,5539093
364,2022-09-26 09:30:00-04:00,67.87000274658203,68.66000366210938,67.79119873046875,67.86000061035156,67.86000061035156,5908684
365,2022-09-26 09:45:00-04:00,67.86000061035156,68.46549987792969,67.58000183105469,68.41010284423828,68.41010284423828,4771079
366,2022-09-26 10:00:00-04:00,68.43000030517578,68.72000122070312,67.87200164794922,68.36000061035156,68.36000061035156,4282298
367,2022-09-26 10:15:00-04:00,68.37000274658203,68.73999786376953,68.36129760742188,68.56999969482422,68.56999969482422,3363068
368,2022-09-26 10:30:00-04:00,68.55999755859375,68.58999633789062,68.1404037475586,68.4000015258789,68.4000015258789,3271699
369,2022-09-26 10:45:00-04:00,68.39859771728516,68.41000366210938,67.54000091552734,67.69999694824219,67.69999694824219,3048292
370,2022-09-26 11:00:00-04:00,67.69999694824219,67.79000091552734,67.12000274658203,67.41500091552734,67.41500091552734,3240825
371,2022-09-26 11:15:00-04:00,67.41500091552734,67.48500061035156,67.04000091552734,67.07499694824219,67.07499694824219,2410721
372,2022-09-26 11:30:00-04:00,67.0790023803711,67.31999969482422,66.92729949951172,66.92729949951172,66.92729949951172,2786410
373,2022-09-26 11:45:00-04:00,66.93000030517578,67.27999877929688,66.76000213623047,67.22000122070312,67.22000122070312,2702157
374,2022-09-26 12:00:00-04:00,67.23090362548828,67.23090362548828,66.810302734375,66.95600128173828,66.95600128173828,2673538
375,2022-09-26 12:15:00-04:00,66.94999694824219,67.14900207519531,66.58000183105469,66.62999725341797,66.62999725341797,2556327
376,2022-09-26 12:30:00-04:00,66.62000274658203,66.75,66.50499725341797,66.64009857177734,66.64009857177734,1517769
377,2022-09-26 12:45:00-04:00,66.6500015258789,67.06999969482422,66.62999725341797,66.8949966430664,66.8949966430664,2177718
378,2022-09-26 13:00:00-04:00,66.89959716796875,66.94999694824219,66.55999755859375,66.68000030517578,66.68000030517578,1838666
379,2022-09-26 13:15:00-04:00,66.67500305175781,66.87000274658203,66.55999755859375,66.7615966796875,66.7615966796875,1820990
380,2022-09-26 13:30:00-04:00,66.76000213623047,66.90339660644531,66.51000213623047,66.56990051269531,66.56990051269531,2272013
381,2022-09-26 13:45:00-04:00,66.55989837646484,66.88939666748047,66.375,66.42769622802734,66.42769622802734,2306080
382,2022-09-26 14:00:00-04:00,66.41999816894531,66.94000244140625,66.3949966430664,66.74500274658203,66.74500274658203,2256819
383,2022-09-26 14:15:00-04:00,66.74500274658203,66.87750244140625,66.61000061035156,66.63990020751953,66.63990020751953,2814135
384,2022-09-26 14:30:00-04:00,66.62999725341797,66.79000091552734,66.4800033569336,66.70999908447266,66.70999908447266,1487342
385,2022-09-26 14:45:00-04:00,66.70999908447266,67.19999694824219,66.63999938964844,67.08999633789062,67.08999633789062,3428401
386,2022-09-26 15:00:00-04:00,67.0999984741211,67.34500122070312,67.01000213623047,67.06500244140625,67.06500244140625,3129946
387,2022-09-26 15:15:00-04:00,67.06999969482422,67.20970153808594,66.80000305175781,66.9749984741211,66.9749984741211,2849935
388,2022-09-26 15:30:00-04:00,66.9800033569336,67.05000305175781,66.58000183105469,66.72000122070312,66.72000122070312,3145238
389,2022-09-26 15:45:00-04:00,66.7249984741211,66.97000122070312,66.25,66.29029846191406,66.29029846191406,5629477
390,2022-09-27 09:30:00-04:00,67.9000015258789,68.63999938964844,67.66999816894531,68.53109741210938,68.53109741210938,9021728
391,2022-09-27 09:45:00-04:00,68.5250015258789,68.77999877929688,68.05999755859375,68.29010009765625,68.29010009765625,5740455
392,2022-09-27 10:00:00-04:00,68.2948989868164,68.37000274658203,67.5999984741211,67.8905029296875,67.8905029296875,4762180
393,2022-09-27 10:15:00-04:00,67.89559936523438,68.16999816894531,67.71009826660156,67.84500122070312,67.84500122070312,4410496
394,2022-09-27 10:30:00-04:00,67.86000061035156,68.37999725341797,67.70999908447266,68.33039855957031,68.33039855957031,4801592
395,2022-09-27 10:45:00-04:00,68.33499908447266,68.38999938964844,68.12999725341797,68.20999908447266,68.20999908447266,2874338
396,2022-09-27 11:00:00-04:00,68.21810150146484,68.5,67.98999786376953,68.14990234375,68.14990234375,3730563
397,2022-09-27 11:15:00-04:00,68.13999938964844,68.22000122070312,67.56999969482422,67.63059997558594,67.63059997558594,3276567
398,2022-09-27 11:30:00-04:00,67.63990020751953,67.75,67.4000015258789,67.4800033569336,67.4800033569336,3244656
399,2022-09-27 11:45:00-04:00,67.4800033569336,67.56999969482422,67.12999725341797,67.1449966430664,67.1449966430664,2981634
400,2022-09-27 12:00:00-04:00,67.1500015258789,67.16000366210938,66.36060333251953,66.48999786376953,66.48999786376953,4255700
401,2022-09-27 12:15:00-04:00,66.4800033569336,66.57499694824219,66.0,66.43499755859375,66.43499755859375,4466027
402,2022-09-27 12:30:00-04:00,66.43000030517578,66.56999969482422,66.20149993896484,66.31999969482422,66.31999969482422,2868832
403,2022-09-27 12:45:00-04:00,66.32499694824219,66.5999984741211,66.12000274658203,66.44000244140625,66.44000244140625,2354165
404,2022-09-27 13:00:00-04:00,66.44000244140625,66.48999786376953,66.05999755859375,66.38680267333984,66.38680267333984,2900607
405,2022-09-27 13:15:00-04:00,66.38500213623047,66.51909637451172,66.13999938964844,66.36499786376953,66.36499786376953,1905261
406,2022-09-27 13:30:00-04:00,66.3584976196289,66.58000183105469,66.18000030517578,66.3550033569336,66.3550033569336,2092426
407,2022-09-27 13:45:00-04:00,66.36000061035156,66.66999816894531,66.27999877929688,66.55999755859375,66.55999755859375,2680377
408,2022-09-27 14:00:00-04:00,66.55999755859375,66.94999694824219,66.5,66.7947006225586,66.7947006225586,2647020
409,2022-09-27 14:15:00-04:00,66.79499816894531,66.97000122070312,66.66000366210938,66.9375,66.9375,1867185
410,2022-09-27 14:30:00-04:00,66.93499755859375,67.37999725341797,66.69999694824219,67.2699966430664,67.2699966430664,2981623
411,2022-09-27 14:45:00-04:00,67.2699966430664,67.44999694824219,67.11000061035156,67.20999908447266,67.20999908447266,2573002
412,2022-09-27 15:00:00-04:00,67.20999908447266,67.43900299072266,66.91000366210938,67.3550033569336,67.3550033569336,2758670
413,2022-09-27 15:15:00-04:00,67.36009979248047,67.45999908447266,67.07499694824219,67.2300033569336,67.2300033569336,2873238
414,2022-09-27 15:30:00-04:00,67.2300033569336,67.2500991821289,66.87999725341797,67.11000061035156,67.11000061035156,4054178
415,2022-09-27 15:45:00-04:00,67.1050033569336,67.29000091552734,66.86000061035156,67.16999816894531,67.16999816894531,4468301
416,2022-09-28 09:30:00-04:00,67.11000061035156,67.80999755859375,66.55999755859375,67.78500366210938,67.78500366210938,6890668
417,2022-09-28 09:45:00-04:00,67.79000091552734,68.19000244140625,67.36000061035156,67.87000274658203,67.87000274658203,4687956
418,2022-09-28 10:00:00-04:00,67.87999725341797,68.29000091552734,67.18060302734375,67.44000244140625,67.44000244140625,4339996
419,2022-09-28 10:15:00-04:00,67.44999694824219,68.20999908447266,67.25990295410156,68.17500305175781,68.17500305175781,3565354
420,2022-09-28 10:30:00-04:00,68.17009735107422,68.34500122070312,67.97000122070312,68.02050018310547,68.02050018310547,2959485
421,2022-09-28 10:45:00-04:00,68.0199966430664,68.25,67.84149932861328,67.92150115966797,67.92150115966797,2562420
422,2022-09-28 11:00:00-04:00,67.92549896240234,68.18000030517578,67.77999877929688,68.05000305175781,68.05000305175781,2005298
423,2022-09-28 11:15:00-04:00,68.05000305175781,68.54000091552734,67.93000030517578,68.2699966430664,68.2699966430664,2609671
424,2022-09-28 11:30:00-04:00,68.27999877929688,68.31999969482422,67.91000366210938,68.12000274658203,68.12000274658203,3248114
425,2022-09-28 11:45:00-04:00,68.11000061035156,68.62999725341797,68.0999984741211,68.56500244140625,68.56500244140625,1830422
426,2022-09-28 12:00:00-04:00,68.56999969482422,68.63999938964844,68.48999786376953,68.62999725341797,68.62999725341797,1655971
427,2022-09-28 12:15:00-04:00,68.62999725341797,68.73999786376953,68.1500015258789,68.2300033569336,68.2300033569336,2438239
428,2022-09-28 12:30:00-04:00,68.23999786376953,68.30000305175781,68.02999877929688,68.12149810791016,68.12149810791016,1863623
429,2022-09-28 12:45:00-04:00,68.12000274658203,68.22000122070312,67.8499984741211,68.0250015258789,68.0250015258789,2248752
430,2022-09-28 13:00:00-04:00,68.02999877929688,68.30999755859375,67.88999938964844,68.13999938964844,68.13999938964844,2192332
431,2022-09-28 13:15:00-04:00,68.1449966430664,68.25,67.93000030517578,67.99019622802734,67.99019622802734,1608011
432,2022-09-28 13:30:00-04:00,67.99500274658203,68.12999725341797,67.83999633789062,67.97000122070312,67.97000122070312,1956410
433,2022-09-28 13:45:00-04:00,67.96040344238281,67.98999786376953,67.67500305175781,67.81500244140625,67.81500244140625,2080064
434,2022-09-28 14:00:00-04:00,67.80999755859375,67.9800033569336,67.69999694824219,67.90499877929688,67.90499877929688,1565080
435,2022-09-28 14:15:00-04:00,67.90499877929688,68.0,67.80999755859375,68.0,68.0,1485965
436,2022-09-28 14:30:00-04:00,67.99720001220703,68.11000061035156,67.72000122070312,67.81009674072266,67.81009674072266,1772741
437,2022-09-28 14:45:00-04:00,67.81999969482422,68.08999633789062,67.78009796142578,68.04000091552734,68.04000091552734,1408758
438,2022-09-28 15:00:00-04:00,68.02999877929688,68.37000274658203,67.9801025390625,68.33499908447266,68.33499908447266,2230638
439,2022-09-28 15:15:00-04:00,68.33270263671875,68.55000305175781,68.2300033569336,68.51010131835938,68.51010131835938,2233454
440,2022-09-28 15:30:00-04:00,68.51000213623047,68.7300033569336,68.49500274658203,68.62999725341797,68.62999725341797,2356855
441,2022-09-28 15:45:00-04:00,68.62000274658203,68.79789733886719,68.30000305175781,68.33000183105469,68.33000183105469,3749377
442,2022-09-29 09:30:00-04:00,67.1500015258789,67.19999694824219,65.31999969482422,65.41690063476562,65.41690063476562,9351645
443,2022-09-29 09:45:00-04:00,65.41500091552734,65.69999694824219,65.25,65.41000366210938,65.41000366210938,5166105
444,2022-09-29 10:00:00-04:00,65.41000366210938,65.55000305175781,64.76000213623047,64.77010345458984,64.77010345458984,5627548
445,2022-09-29 10:15:00-04:00,64.7699966430664,65.06990051269531,64.72000122070312,64.94000244140625,64.94000244140625,4484962
446,2022-09-29 10:30:00-04:00,64.9000015258789,64.90499877929688,64.33000183105469,64.64420318603516,64.64420318603516,3969413
447,2022-09-29 10:45:00-04:00,64.63999938964844,64.76909637451172,64.44999694824219,64.625,64.625,3290683
448,2022-09-29 11:00:00-04:00,64.625,64.86959838867188,64.37999725341797,64.42130279541016,64.42130279541016,3720483
449,2022-09-29 11:15:00-04:00,64.42500305175781,64.5199966430664,64.11000061035156,64.31999969482422,64.31999969482422,3079718
450,2022-09-29 11:30:00-04:00,64.33000183105469,64.45999908447266,64.12000274658203,64.24500274658203,64.24500274658203,3000399
451,2022-09-29 11:45:00-04:00,64.24500274658203,64.55000305175781,64.16000366210938,64.42160034179688,64.42160034179688,3431008
452,2022-09-29 12:00:00-04:00,64.42500305175781,64.69000244140625,64.23999786376953,64.26000213623047,64.26000213623047,2777838
453,2022-09-29 12:15:00-04:00,64.26820373535156,64.33000183105469,63.93000030517578,63.99589920043945,63.99589920043945,2629605
454,2022-09-29 12:30:00-04:00,63.994998931884766,64.12999725341797,63.900001525878906,64.0999984741211,64.0999984741211,2096101
455,2022-09-29 12:45:00-04:00,64.11000061035156,64.2197036743164,63.84000015258789,63.89509963989258,63.89509963989258,2459228
456,2022-09-29 13:00:00-04:00,63.89500045776367,63.9900016784668,63.77009963989258,63.97999954223633,63.97999954223633,2068704
457,2022-09-29 13:15:00-04:00,63.97140121459961,64.02999877929688,63.7599983215332,63.78499984741211,63.78499984741211,2379337
458,2022-09-29 13:30:00-04:00,63.779998779296875,63.9900016784668,63.68000030517578,63.84000015258789,63.84000015258789,1778359
459,2022-09-29 13:45:00-04:00,63.84000015258789,63.880001068115234,63.540000915527344,63.55939865112305,63.55939865112305,1793337
460,2022-09-29 14:00:00-04:00,63.560001373291016,63.69499969482422,63.43000030517578,63.43000030517578,63.43000030517578,1833911
461,2022-09-29 14:15:00-04:00,63.42499923706055,63.44499969482422,62.830101013183594,63.19499969482422,63.19499969482422,5188567
462,2022-09-29 14:30:00-04:00,63.19499969482422,63.34000015258789,62.939998626708984,63.22990036010742,63.22990036010742,4147718
463,2022-09-29 14:45:00-04:00,63.220001220703125,63.279998779296875,62.93000030517578,63.005001068115234,63.005001068115234,2662188
464,2022-09-29 15:00:00-04:00,63.0099983215332,63.45000076293945,63.0099983215332,63.42100143432617,63.42100143432617,3452354
465,2022-09-29 15:15:00-04:00,63.43000030517578,63.689998626708984,63.369998931884766,63.4989013671875,63.4989013671875,3740642
466,2022-09-29 15:30:00-04:00,63.5,64.11000061035156,63.43000030517578,64.04499816894531,64.04499816894531,5045016
467,2022-09-29 15:45:00-04:00,64.04900360107422,64.33000183105469,64.01499938964844,64.14990234375,64.14990234375,6945182
468,2022-09-30 09:30:00-04:00,63.6150016784668,64.56999969482422,63.474998474121094,63.95000076293945,63.95000076293945,7202308
469,2022-09-30 09:45:00-04:00,63.95000076293945,64.55000305175781,63.560001373291016,64.16999816894531,64.16999816894531,4618658
470,2022-09-30 10:00:00-04:00,64.16000366210938,64.83000183105469,63.88999938964844,64.59500122070312,64.59500122070312,4602624
471,2022-09-30 10:15:00-04:00,64.58499908447266,65.08000183105469,64.25,65.03849792480469,65.03849792480469,4429177
472,2022-09-30 10:30:00-04:00,65.03500366210938,65.44999694824219,64.9000015258789,65.19249725341797,65.19249725341797,4433915
473,2022-09-30 10:45:00-04:00,65.19550323486328,65.58999633789062,64.9800033569336,65.49469757080078,65.49469757080078,4137080
474,2022-09-30 11:00:00-04:00,65.5,65.91000366210938,65.33999633789062,65.76499938964844,65.76499938964844,3410432
475,2022-09-30 11:15:00-04:00,65.7699966430664,65.81999969482422,65.30999755859375,65.31999969482422,65.31999969482422,2586709
476,2022-09-30 11:30:00-04:00,65.33000183105469,65.4000015258789,64.80999755859375,64.83999633789062,64.83999633789062,3020277
477,2022-09-30 11:45:00-04:00,64.84700012207031,64.91999816894531,64.56999969482422,64.59839630126953,64.59839630126953,2637159
478,2022-09-30 12:00:00-04:00,64.58999633789062,64.5999984741211,64.30000305175781,64.53500366210938,64.53500366210938,2683213
479,2022-09-30 12:15:00-04:00,64.5250015258789,64.7300033569336,64.30000305175781,64.68499755859375,64.68499755859375,2108735
480,2022-09-30 12:30:00-04:00,64.68099975585938,64.9000015258789,64.55010223388672,64.8572006225586,64.8572006225586,1719189
481,2022-09-30 12:45:00-04:00,64.85230255126953,64.89859771728516,64.51000213623047,64.61000061035156,64.61000061035156,1399907
482,2022-09-30 13:00:00-04:00,64.50499725341797,64.75,64.43000030517578,64.58499908447266,64.58499908447266,1624972
483,2022-09-30 13:15:00-04:00,64.58499908447266,64.75,64.44000244140625,64.69280242919922,64.69280242919922,1547332
484,2022-09-30 13:30:00-04:00,64.69999694824219,64.7300033569336,64.07499694824219,64.0886001586914,64.0886001586914,2113083
485,2022-09-30 13:45:00-04:00,64.08999633789062,64.2699966430664,64.0250015258789,64.22000122070312,64.22000122070312,1754004
486,2022-09-30 14:00:00-04:00,64.10900115966797,64.33000183105469,64.0199966430664,64.30000305175781,64.30000305175781,1725567
487,2022-09-30 14:15:00-04:00,64.29010009765625,64.36000061035156,64.08000183105469,64.23930358886719,64.23930358886719,1667881
488,2022-09-30 14:30:00-04:00,64.23500061035156,64.39089965820312,64.0199966430664,64.08499908447266,64.08499908447266,1848038
489,2022-09-30 14:45:00-04:00,64.08999633789062,64.0999984741211,63.83000183105469,63.939998626708984,63.939998626708984,2143129
490,2022-09-30 15:00:00-04:00,63.935001373291016,64.27999877929688,63.81999969482422,63.880001068115234,63.880001068115234,2525001
491,2022-09-30 15:15:00-04:00,63.875,64.04000091552734,63.685001373291016,63.9900016784668,63.9900016784668,2659898
492,2022-09-30 15:30:00-04:00,63.980098724365234,64.10859680175781,63.78499984741211,63.91899871826172,63.91899871826172,2547320
493,2022-09-30 15:45:00-04:00,63.869998931884766,64.0,63.34000015258789,63.36000061035156,63.36000061035156,5284918
494,2022-10-03 09:30:00-04:00,64.45999908447266,64.68000030517578,63.38999938964844,64.2300033569336,64.2300033569336,7238544
495,2022-10-03 09:45:00-04:00,64.23999786376953,65.45999908447266,64.19000244140625,64.91000366210938,64.91000366210938,6201889
496,2022-10-03 10:00:00-04:00,64.91999816894531,65.80999755859375,64.91999816894531,65.47440338134766,65.47440338134766,5424613
497,2022-10-03 10:15:00-04:00,65.47000122070312,66.0801010131836,65.26280212402344,65.94000244140625,65.94000244140625,4449141
498,2022-10-03 10:30:00-04:00,65.94499969482422,66.1500015258789,65.54499816894531,65.76499938964844,65.76499938964844,3980720
499,2022-10-03 10:45:00-04:00,65.76000213623047,65.88999938964844,65.41200256347656,65.7249984741211,65.7249984741211,3253090
500,2022-10-03 11:00:00-04:00,65.73999786376953,66.25499725341797,65.61000061035156,66.10669708251953,66.10669708251953,2889383
501,2022-10-03 11:15:00-04:00,66.1050033569336,66.35009765625,66.0,66.26000213623047,66.26000213623047,3211147
502,2022-10-03 11:30:00-04:00,66.26000213623047,66.30999755859375,65.66000366210938,65.73979949951172,65.73979949951172,2946328
503,2022-10-03 11:45:00-04:00,65.73680114746094,65.8550033569336,65.5199966430664,65.65499877929688,65.65499877929688,2744195
504,2022-10-03 12:00:00-04:00,65.6500015258789,65.97989654541016,65.62999725341797,65.84989929199219,65.84989929199219,2141558
505,2022-10-03 12:15:00-04:00,65.8499984741211,65.97000122070312,65.61000061035156,65.75299835205078,65.75299835205078,2134981
506,2022-10-03 12:30:00-04:00,65.73999786376953,65.8949966430664,65.62000274658203,65.66999816894531,65.66999816894531,1883575
507,2022-10-03 12:45:00-04:00,65.66999816894531,65.73999786376953,65.4000015258789,65.69730377197266,65.69730377197266,1640429
508,2022-10-03 13:00:00-04:00,65.69000244140625,65.86000061035156,65.62999725341797,65.80999755859375,65.80999755859375,1530021
509,2022-10-03 13:15:00-04:00,65.80999755859375,66.08999633789062,65.69999694824219,66.05500030517578,66.05500030517578,1653883
510,2022-10-03 13:30:00-04:00,66.05999755859375,66.30000305175781,66.04000091552734,66.20500183105469,66.20500183105469,1850715
511,2022-10-03 13:45:00-04:00,66.19219970703125,66.31999969482422,66.05999755859375,66.16000366210938,66.16000366210938,1462414
512,2022-10-03 14:00:00-04:00,66.16500091552734,66.3550033569336,66.05000305175781,66.33000183105469,66.33000183105469,2211264
513,2022-10-03 14:15:00-04:00,66.32499694824219,66.51000213623047,66.29100036621094,66.41999816894531,66.41999816894531,2031123
514,2022-10-03 14:30:00-04:00,66.41000366210938,66.51000213623047,66.28500366210938,66.43000030517578,66.43000030517578,1944737
515,2022-10-03 14:45:00-04:00,66.43499755859375,66.70999908447266,66.37059783935547,66.6449966430664,66.6449966430664,1819237
516,2022-10-03 15:00:00-04:00,66.6500015258789,66.91000366210938,66.54989624023438,66.83090209960938,66.83090209960938,2156844
517,2022-10-03 15:15:00-04:00,66.83080291748047,66.83499908447266,66.4000015258789,66.63500213623047,66.63500213623047,2779471
518,2022-10-03 15:30:00-04:00,66.63999938964844,66.72000122070312,66.19000244140625,66.35990142822266,66.35990142822266,2915450
519,2022-10-03 15:45:00-04:00,66.3499984741211,66.4177017211914,65.97000122070312,66.08999633789062,66.08999633789062,4720577
